{"cameraMode":{"drawMode":0,"name":"Shaded","section":"Shading Mode"},"sceneLighting":true,"audioPlay":false,"sceneViewState":{"m_AlwaysRefresh":false,"showFog":true,"showSkybox":true,"showFlares":true,"showImageEffects":true,"showParticleSystems":true,"showVisualEffectGraphs":true,"m_FxEnabled":true},"in2DMode":false,"pivot":{"x":-1.0783735513687134,"y":-2.7170772552490236,"z":24.202991485595704},"rotation":{"x":-0.12446574121713638,"y":0.013983628712594509,"z":-0.0017654051771387458,"w":-0.9920687079429627},"size":20.781795501708986,"orthographic":false}